temperature,approval_rate_black,approval_rate_white,approval_rate_disparity,num_black,num_white
0.0,0.27835051546391754,0.2736842105263158,0.0046663049376017285,100,100
0.4,0.23529411764705882,0.31868131868131866,0.08338720103425984,100,100
0.8,0.2926829268292683,0.32051282051282054,0.027829893683552265,100,100
1.2,0.3283582089552239,0.3717948717948718,0.04343666283964792,100,100
1.6,0.25396825396825395,0.29850746268656714,0.044539208718313184,100,100
2.0,0.26785714285714285,0.2698412698412698,0.001984126984126977,100,100
