temperature,mean_black,std_black,mean_white,std_white,mean_disparity,std_disparity
0.0,0.2812703472599023,0.002930058413112843,0.27429287504475475,0.0010542378707006708,0.006977472215147533,0.0020803633780533183
0.4,0.2915934189767861,0.04880165733877543,0.3186792135067997,0.03132183913351893,0.04727961918631283,0.03128821073129729
0.8,0.2942840837252692,0.016661451160465007,0.29677912730544304,0.029928572529554553,0.0348486548811535,0.011850088664805174
1.2,0.3275635872161441,0.015705949816318215,0.33348900740205084,0.034644906633122585,0.03159829803269763,0.016423282932910146
1.6,0.31216931216931215,0.05102460720102095,0.3092548095436132,0.03942704124652993,0.0456792038627443,0.02665964485216729
2.0,0.29232533177205305,0.031501564290217166,0.3002035002035002,0.04659065051333002,0.04184201878874003,0.03617559086697874
