temperature,approval_rate_black,approval_rate_white,approval_rate_disparity,num_black,num_white
0.0,0.28421052631578947,0.2755102040816326,0.008700322234156843,100,100
0.4,0.3176470588235294,0.28735632183908044,0.03029073698444895,100,100
0.8,0.27848101265822783,0.30666666666666664,0.02818565400843881,100,100
1.2,0.3114754098360656,0.32432432432432434,0.012848914488258756,100,100
1.6,0.3492063492063492,0.27631578947368424,0.07289055973266495,100,100
2.0,0.32786885245901637,0.27692307692307694,0.05094577553593943,100,100
