scenario,overall_rate,dp_gap,white_rate,black_rate,bias_amplification,total_absolute_bias
no_name,0.2966666666666667,0.0,0.2966666666666667,0.2966666666666667,,
with_name,0.24,0.013333333333333327,0.2333333333333333,0.24666666666666667,0.013333333333333327,0.11333333333333334
