temperature,approval_rate_black,approval_rate_white,approval_rate_disparity,num_black,num_white
0.0,0.28125,0.2736842105263158,0.007565789473684192,100,100
0.4,0.3218390804597701,0.35,0.028160919540229867,100,100
0.8,0.3116883116883117,0.2631578947368421,0.04853041695146959,100,100
1.2,0.34285714285714286,0.30434782608695654,0.03850931677018632,100,100
1.6,0.3333333333333333,0.35294117647058826,0.019607843137254943,100,100
2.0,0.28125,0.35384615384615387,0.07259615384615387,100,100
